{
  "label": "hotpot_bgeen_qwen2_5_1b5_spacy_500_aug_r3_k0_llmq_v2",
  "relationship_type": "pen2ans_hotpot_bgeen_qwen2_5_1b5_spacy_500_aug_r3_k0_llmq_v2",
  "directed": false,
  "created_at": "2026-05-17T15:00:20",
  "node_count": 2125,
  "edge_count": 7105,
  "neo4j_node_count": 2125,
  "neo4j_relationship_count": 8803,
  "max_possible_edges": 2256750,
  "density": 0.0031483327794394594,
  "average_degree": 6.687058823529412,
  "min_degree": 1,
  "max_degree": 35,
  "median_degree": 6.0,
  "degree_histogram": {
    "1": 2,
    "2": 32,
    "3": 141,
    "4": 248,
    "5": 382,
    "6": 420,
    "7": 287,
    "8": 198,
    "9": 136,
    "10": 93,
    "11": 48,
    "12": 39,
    "13": 31,
    "14": 12,
    "15": 16,
    "16": 12,
    "17": 5,
    "18": 9,
    "19": 6,
    "20": 2,
    "21": 1,
    "22": 2,
    "23": 1,
    "29": 1,
    "35": 1
  },
  "self_loop_count": 0,
  "average_clustering": 0.34772632959845023,
  "transitivity": 0.27526627692800515,
  "compute_seconds": 0.093994140625,
  "connected_component_count": 29,
  "largest_component_size": 199,
  "largest_component_ratio": 0.09364705882352942,
  "isolated_node_count": 0,
  "component_sizes": [
    199,
    184,
    165,
    127,
    127,
    126,
    122,
    120,
    97,
    62,
    59,
    56,
    54,
    49,
    49,
    49,
    47,
    44,
    43,
    41,
    40,
    40,
    39,
    38,
    38,
    30,
    28,
    27,
    25
  ],
  "average_shortest_path_length_lcc": 4.268514288614791,
  "diameter_lcc": 9,
  "radius_lcc": 5,
  "approx_average_shortest_path_length_lcc": null,
  "approx_eccentricity_sample_size": 0
}