{
  "label": "hotpot_bgeen_qwen2_5_1b5_spacy_500_aug_r2_k1_llmq_v2",
  "relationship_type": "pen2ans_hotpot_bgeen_qwen2_5_1b5_spacy_500_aug_r2_k1_llmq_v2",
  "directed": false,
  "created_at": "2026-05-17T14:31:22",
  "node_count": 2125,
  "edge_count": 7131,
  "neo4j_node_count": 2125,
  "neo4j_relationship_count": 8829,
  "max_possible_edges": 2256750,
  "density": 0.0031598537720172815,
  "average_degree": 6.7115294117647055,
  "min_degree": 1,
  "max_degree": 33,
  "median_degree": 6.0,
  "degree_histogram": {
    "1": 2,
    "2": 32,
    "3": 141,
    "4": 247,
    "5": 381,
    "6": 415,
    "7": 287,
    "8": 199,
    "9": 139,
    "10": 93,
    "11": 44,
    "12": 41,
    "13": 29,
    "14": 17,
    "15": 16,
    "16": 12,
    "17": 8,
    "18": 8,
    "19": 4,
    "20": 4,
    "21": 1,
    "22": 2,
    "23": 1,
    "28": 1,
    "33": 1
  },
  "self_loop_count": 0,
  "average_clustering": 0.34705025135915185,
  "transitivity": 0.2735605729931352,
  "compute_seconds": 1.8072352409362793,
  "connected_component_count": 14,
  "largest_component_size": 1330,
  "largest_component_ratio": 0.6258823529411764,
  "isolated_node_count": 0,
  "component_sizes": [
    1330,
    196,
    129,
    56,
    55,
    54,
    47,
    40,
    40,
    39,
    38,
    38,
    37,
    26
  ],
  "average_shortest_path_length_lcc": 10.958019201502628,
  "diameter_lcc": 28,
  "radius_lcc": 14,
  "approx_average_shortest_path_length_lcc": null,
  "approx_eccentricity_sample_size": 0
}