{
  "label": "hotpot_bgeen_qwen2_5_1b5_spacy_500_aug_r2_k0_llmq_v2",
  "relationship_type": "pen2ans_hotpot_bgeen_qwen2_5_1b5_spacy_500_aug_r2_k0_llmq_v2",
  "directed": false,
  "created_at": "2026-05-17T14:28:37",
  "node_count": 2125,
  "edge_count": 7121,
  "neo4j_node_count": 2125,
  "neo4j_relationship_count": 8819,
  "max_possible_edges": 2256750,
  "density": 0.0031554226210258112,
  "average_degree": 6.702117647058824,
  "min_degree": 1,
  "max_degree": 34,
  "median_degree": 6.0,
  "degree_histogram": {
    "1": 2,
    "2": 32,
    "3": 141,
    "4": 247,
    "5": 381,
    "6": 418,
    "7": 285,
    "8": 202,
    "9": 132,
    "10": 97,
    "11": 46,
    "12": 41,
    "13": 31,
    "14": 15,
    "15": 14,
    "16": 10,
    "17": 10,
    "18": 5,
    "19": 7,
    "20": 4,
    "22": 2,
    "23": 1,
    "28": 1,
    "34": 1
  },
  "self_loop_count": 0,
  "average_clustering": 0.3474744517121086,
  "transitivity": 0.274601593625498,
  "compute_seconds": 0.47406601905822754,
  "connected_component_count": 23,
  "largest_component_size": 680,
  "largest_component_ratio": 0.32,
  "isolated_node_count": 0,
  "component_sizes": [
    680,
    193,
    135,
    129,
    126,
    88,
    75,
    74,
    68,
    55,
    54,
    49,
    47,
    47,
    40,
    40,
    38,
    37,
    37,
    30,
    29,
    28,
    26
  ],
  "average_shortest_path_length_lcc": 9.951420774495364,
  "diameter_lcc": 22,
  "radius_lcc": 11,
  "approx_average_shortest_path_length_lcc": null,
  "approx_eccentricity_sample_size": 0
}