{
  "label": "hotpot_bgeen_qwen2_5_1b5_spacy_500_aug_r2_k2_llmq_v2",
  "relationship_type": "pen2ans_hotpot_bgeen_qwen2_5_1b5_spacy_500_aug_r2_k2_llmq_v2",
  "directed": false,
  "created_at": "2026-05-17T14:31:21",
  "node_count": 2125,
  "edge_count": 7126,
  "neo4j_node_count": 2125,
  "neo4j_relationship_count": 8824,
  "max_possible_edges": 2256750,
  "density": 0.0031576381965215464,
  "average_degree": 6.706823529411765,
  "min_degree": 1,
  "max_degree": 34,
  "median_degree": 6.0,
  "degree_histogram": {
    "1": 2,
    "2": 32,
    "3": 141,
    "4": 247,
    "5": 381,
    "6": 417,
    "7": 288,
    "8": 202,
    "9": 131,
    "10": 94,
    "11": 47,
    "12": 39,
    "13": 33,
    "14": 14,
    "15": 16,
    "16": 9,
    "17": 10,
    "18": 6,
    "19": 5,
    "20": 4,
    "21": 3,
    "22": 1,
    "23": 1,
    "28": 1,
    "34": 1
  },
  "self_loop_count": 0,
  "average_clustering": 0.3472244015700168,
  "transitivity": 0.2735828452298223,
  "compute_seconds": 0.9708778858184814,
  "connected_component_count": 16,
  "largest_component_size": 967,
  "largest_component_ratio": 0.45505882352941174,
  "isolated_node_count": 0,
  "component_sizes": [
    967,
    281,
    178,
    173,
    75,
    74,
    55,
    47,
    40,
    40,
    38,
    37,
    37,
    29,
    28,
    26
  ],
  "average_shortest_path_length_lcc": 9.768691883929508,
  "diameter_lcc": 23,
  "radius_lcc": 12,
  "approx_average_shortest_path_length_lcc": null,
  "approx_eccentricity_sample_size": 0
}