{
  "label": "hotpot_bgeen_qwen2_5_1b5_spacy_full_aug_r2_k2_llmq_v2",
  "relationship_type": "pen2ans_hotpot_bgeen_qwen2_5_1b5_spacy_full_aug_r2_k2_llmq_v2",
  "directed": false,
  "created_at": "2026-05-19T20:21:25",
  "node_count": 40454,
  "edge_count": 136451,
  "neo4j_node_count": 40454,
  "neo4j_relationship_count": 172288,
  "max_possible_edges": 818242831,
  "density": 0.00016676100887219383,
  "average_degree": 6.745983091906857,
  "min_degree": 0,
  "max_degree": 77,
  "median_degree": 6.0,
  "degree_histogram": {
    "0": 2,
    "1": 109,
    "2": 611,
    "3": 2619,
    "4": 5254,
    "5": 7501,
    "6": 7325,
    "7": 5351,
    "8": 3584,
    "9": 2292,
    "10": 1642,
    "11": 1075,
    "12": 789,
    "13": 619,
    "14": 415,
    "15": 315,
    "16": 234,
    "17": 195,
    "18": 127,
    "19": 98,
    "20": 85,
    "21": 56,
    "22": 35,
    "23": 28,
    "24": 22,
    "25": 12,
    "26": 8,
    "27": 10,
    "28": 5,
    "29": 9,
    "30": 4,
    "31": 5,
    "32": 5,
    "33": 2,
    "36": 2,
    "37": 1,
    "38": 2,
    "39": 1,
    "42": 1,
    "45": 1,
    "46": 1,
    "52": 1,
    "77": 1
  },
  "self_loop_count": 0,
  "average_clustering": 0.3518040187204,
  "transitivity": 0.270569121001193,
  "compute_seconds": 8.199376106262207,
  "connected_component_count": 45,
  "largest_component_size": 38990,
  "largest_component_ratio": 0.9638107480100855,
  "isolated_node_count": 2,
  "component_sizes": [
    38990,
    92,
    72,
    57,
    52,
    52,
    47,
    45,
    44,
    44,
    44,
    42,
    39,
    39,
    39,
    39,
    39,
    38,
    38,
    37,
    36,
    36,
    36,
    36,
    35,
    34,
    33,
    33,
    31,
    31,
    30,
    29,
    28,
    28,
    21,
    21,
    20,
    20,
    8,
    8,
    4,
    3,
    2,
    1,
    1
  ],
  "average_shortest_path_length_lcc": null,
  "diameter_lcc": 23,
  "radius_lcc": 16,
  "approx_average_shortest_path_length_lcc": 11.595274468439817,
  "approx_eccentricity_sample_size": 256
}