{
  "label": "hotpot_bgeen_qwen2_5_1b5_spacy_500",
  "relationship_type": "pen2ans_hotpot_bgeen_qwen2_5_1b5_spacy_500",
  "directed": false,
  "created_at": "2026-05-16T18:02:25",
  "node_count": 2125,
  "edge_count": 7084,
  "neo4j_node_count": 2125,
  "neo4j_relationship_count": 8782,
  "max_possible_edges": 2256750,
  "density": 0.0031390273623573724,
  "average_degree": 6.667294117647059,
  "min_degree": 1,
  "max_degree": 33,
  "median_degree": 6.0,
  "degree_histogram": {
    "1": 2,
    "2": 32,
    "3": 141,
    "4": 248,
    "5": 384,
    "6": 419,
    "7": 286,
    "8": 199,
    "9": 137,
    "10": 94,
    "11": 49,
    "12": 39,
    "13": 31,
    "14": 12,
    "15": 14,
    "16": 12,
    "17": 8,
    "18": 5,
    "19": 5,
    "20": 4,
    "22": 1,
    "23": 1,
    "27": 1,
    "33": 1
  },
  "self_loop_count": 0,
  "average_clustering": 0.3484380471351465,
  "transitivity": 0.27872607849497244,
  "compute_seconds": 0.06472325325012207,
  "connected_component_count": 50,
  "largest_component_size": 106,
  "largest_component_ratio": 0.04988235294117647,
  "isolated_node_count": 0,
  "component_sizes": [
    106,
    94,
    72,
    66,
    62,
    56,
    54,
    54,
    49,
    49,
    49,
    49,
    47,
    47,
    47,
    47,
    45,
    44,
    43,
    43,
    41,
    41,
    40,
    40,
    39,
    39,
    39,
    38,
    38,
    38,
    38,
    37,
    37,
    37,
    37,
    36,
    36,
    31,
    30,
    30,
    30,
    30,
    30,
    29,
    29,
    28,
    27,
    26,
    25,
    6
  ],
  "average_shortest_path_length_lcc": 2.4999101527403416,
  "diameter_lcc": 5,
  "radius_lcc": 3,
  "approx_average_shortest_path_length_lcc": null,
  "approx_eccentricity_sample_size": 0
}