{
  "label": "hotpot_bgeen_qwen2_5_1b5_spacy_full",
  "relationship_type": "pen2ans_hotpot_bgeen_qwen2_5_1b5_spacy_full",
  "directed": false,
  "created_at": "2026-05-19T17:15:57",
  "node_count": 40454,
  "edge_count": 134341,
  "neo4j_node_count": 40454,
  "neo4j_relationship_count": 170178,
  "max_possible_edges": 818242831,
  "density": 0.00016418231227986158,
  "average_degree": 6.641667078657241,
  "min_degree": 0,
  "max_degree": 77,
  "median_degree": 6.0,
  "degree_histogram": {
    "0": 17,
    "1": 106,
    "2": 616,
    "3": 2621,
    "4": 5273,
    "5": 7530,
    "6": 7378,
    "7": 5423,
    "8": 3647,
    "9": 2386,
    "10": 1686,
    "11": 1092,
    "12": 779,
    "13": 579,
    "14": 390,
    "15": 242,
    "16": 204,
    "17": 145,
    "18": 90,
    "19": 69,
    "20": 53,
    "21": 22,
    "22": 25,
    "23": 16,
    "24": 9,
    "25": 9,
    "26": 8,
    "27": 10,
    "28": 5,
    "29": 5,
    "30": 3,
    "31": 3,
    "32": 1,
    "33": 3,
    "36": 1,
    "38": 2,
    "39": 1,
    "41": 2,
    "44": 1,
    "51": 1,
    "77": 1
  },
  "self_loop_count": 0,
  "average_clustering": 0.3545839231688859,
  "transitivity": 0.28455991570287803,
  "compute_seconds": 1.3824570178985596,
  "connected_component_count": 933,
  "largest_component_size": 274,
  "largest_component_ratio": 0.006773125030899293,
  "isolated_node_count": 17,
  "component_sizes": [
    274,
    268,
    203,
    197,
    170,
    168,
    167,
    164,
    141,
    140,
    137,
    134,
    132,
    132,
    130,
    116,
    108,
    107,
    107,
    107,
    104,
    101,
    100,
    100,
    100,
    100,
    97,
    94,
    93,
    92,
    92,
    91,
    90,
    87,
    86,
    85,
    84,
    84,
    83,
    83,
    81,
    79,
    79,
    77,
    76,
    76,
    76,
    76,
    76,
    75,
    75,
    74,
    74,
    74,
    73,
    72,
    72,
    72,
    71,
    71,
    71,
    71,
    70,
    70,
    70,
    70,
    69,
    69,
    68,
    68,
    68,
    68,
    68,
    67,
    67,
    67,
    67,
    66,
    66,
    66,
    66,
    66,
    65,
    65,
    65,
    64,
    64,
    63,
    63,
    63,
    62,
    62,
    62,
    62,
    61,
    61,
    61,
    61,
    61,
    61,
    61,
    60,
    60,
    60,
    60,
    60,
    59,
    59,
    59,
    59,
    58,
    58,
    58,
    58,
    58,
    57,
    57,
    57,
    57,
    57,
    57,
    56,
    56,
    56,
    56,
    56,
    56,
    56,
    56,
    55,
    55,
    55,
    55,
    55,
    55,
    55,
    55,
    55,
    55,
    55,
    55,
    55,
    55,
    55,
    55,
    54,
    54,
    54,
    54,
    54,
    54,
    54,
    54,
    54,
    54,
    54,
    54,
    54,
    54,
    54,
    54,
    53,
    53,
    53,
    53,
    53,
    53,
    53,
    53,
    53,
    53,
    53,
    53,
    52,
    52,
    52,
    52,
    52,
    52,
    52,
    52,
    52,
    52,
    52,
    52,
    52,
    52,
    52,
    52,
    52,
    52,
    52,
    51,
    51,
    51,
    51,
    51,
    51,
    51,
    51,
    51,
    51,
    51,
    51,
    51,
    50,
    50,
    50,
    50,
    50,
    50,
    50,
    50,
    50,
    50,
    50,
    50,
    50,
    50,
    50,
    50,
    49,
    49,
    49,
    49,
    49,
    49,
    49,
    49,
    49,
    49,
    49,
    49,
    49,
    48,
    48,
    48,
    48,
    48,
    48,
    48,
    48,
    48,
    48,
    48,
    48,
    48,
    48,
    48,
    48,
    48,
    48,
    47,
    47,
    47,
    47,
    47,
    47,
    47,
    47,
    47,
    47,
    47,
    47,
    47,
    47,
    47,
    47,
    47,
    47,
    47,
    47,
    47,
    46,
    46,
    46,
    46,
    46,
    46,
    46,
    46,
    46,
    46,
    46,
    46,
    46,
    46,
    46,
    46,
    46,
    46,
    46,
    46,
    46,
    46,
    46,
    46,
    45,
    45,
    45,
    45,
    45,
    45,
    45,
    45,
    45,
    45,
    45,
    45,
    45,
    45,
    45,
    45,
    45,
    45,
    45,
    45,
    45,
    45,
    45,
    45,
    45,
    45,
    45,
    45,
    45,
    45,
    44,
    44,
    44,
    44,
    44,
    44,
    44,
    44,
    44,
    44,
    44,
    44,
    44,
    44,
    44,
    44,
    44,
    44,
    44,
    44,
    44,
    44,
    44,
    44,
    44,
    44,
    44,
    44,
    44,
    44,
    43,
    43,
    43,
    43,
    43,
    43,
    43,
    43,
    43,
    43,
    43,
    43,
    43,
    43,
    43,
    43,
    43,
    43,
    43,
    43,
    43,
    43,
    43,
    43,
    43,
    43,
    43,
    43,
    42,
    42,
    42,
    42,
    42,
    42,
    42,
    42,
    42,
    42,
    42,
    42,
    42,
    42,
    42,
    42,
    42,
    42,
    42,
    42,
    42,
    42,
    42,
    42,
    42,
    42,
    42,
    42,
    42,
    42,
    42,
    42,
    42,
    42,
    42,
    42,
    42,
    42,
    42,
    42,
    42,
    42,
    42,
    42,
    42,
    41,
    41,
    41,
    41,
    41,
    41,
    41,
    41,
    41,
    41,
    41,
    41,
    41,
    41,
    41,
    41,
    41,
    41,
    41,
    41,
    41,
    41,
    41,
    41,
    41,
    41,
    40,
    40,
    40,
    40,
    40,
    40,
    40,
    40,
    40,
    40,
    40,
    40,
    40,
    40,
    40,
    40,
    40,
    40,
    40,
    40,
    40,
    40,
    40,
    39,
    39,
    39,
    39,
    39,
    39,
    39,
    39,
    39,
    39,
    39,
    39,
    39,
    39,
    39,
    39,
    39,
    39,
    39,
    39,
    39,
    39,
    39,
    39,
    39,
    39,
    39,
    39,
    39,
    39,
    39,
    39,
    39,
    39,
    39,
    39,
    39,
    39,
    39,
    39,
    38,
    38,
    38,
    38,
    38,
    38,
    38,
    38,
    38,
    38,
    38,
    38,
    38,
    38,
    38,
    38,
    38,
    38,
    38,
    38,
    38,
    38,
    38,
    38,
    38,
    38,
    38,
    38,
    38,
    38,
    38,
    38,
    38,
    38,
    38,
    38,
    38,
    38,
    37,
    37,
    37,
    37,
    37,
    37,
    37,
    37,
    37,
    37,
    37,
    37,
    37,
    37,
    37,
    37,
    37,
    37,
    37,
    37,
    37,
    37,
    37,
    37,
    37,
    37,
    37,
    37,
    37,
    37,
    37,
    36,
    36,
    36,
    36,
    36,
    36,
    36,
    36,
    36,
    36,
    36,
    36,
    36,
    36,
    36,
    36,
    36,
    36,
    36,
    36,
    36,
    36,
    36,
    36,
    36,
    36,
    36,
    36,
    36,
    36,
    36,
    36,
    36,
    36,
    35,
    35,
    35,
    35,
    35,
    35,
    35,
    35,
    35,
    35,
    35,
    35,
    35,
    35,
    35,
    35,
    35,
    35,
    35,
    35,
    35,
    35,
    35,
    35,
    35,
    35,
    35,
    35,
    35,
    35,
    35,
    35,
    35,
    35,
    35,
    34,
    34,
    34,
    34,
    34,
    34,
    34,
    34,
    34,
    34,
    34,
    34,
    34,
    34,
    34,
    34,
    34,
    34,
    34,
    34,
    34,
    34,
    34,
    34,
    34,
    34,
    34,
    34,
    34,
    34,
    34,
    34,
    34,
    33,
    33,
    33,
    33,
    33,
    33,
    33,
    33,
    33,
    33,
    33,
    33,
    33,
    33,
    33,
    33,
    33,
    33,
    33,
    33,
    33,
    33,
    33,
    33,
    33,
    33,
    32,
    32,
    32,
    32,
    32,
    32,
    32,
    32,
    32,
    32,
    32,
    32,
    32,
    32,
    32,
    32,
    32,
    32,
    32,
    32,
    32,
    32,
    32,
    32,
    32,
    31,
    31,
    31,
    31,
    31,
    31,
    31,
    31,
    31,
    31,
    31,
    31,
    31,
    31,
    31,
    31,
    31,
    31,
    31,
    31,
    31,
    31,
    31,
    31,
    31,
    31,
    30,
    30,
    30,
    30,
    30,
    30,
    30,
    30,
    30,
    30,
    30,
    30,
    30,
    30,
    30,
    30,
    29,
    29,
    29,
    29,
    29,
    29,
    29,
    29,
    29,
    29,
    29,
    29,
    29,
    29,
    29,
    29,
    29,
    29,
    29,
    29,
    29,
    28,
    28,
    28,
    28,
    28,
    28,
    28,
    28,
    28,
    28,
    28,
    28,
    28,
    28,
    28,
    28,
    27,
    27,
