{
  "label": "hotpot_bgeen_qwen2_5_1b5_spacy_full_aug_r2_k0_llmq_v2",
  "relationship_type": "pen2ans_hotpot_bgeen_qwen2_5_1b5_spacy_full_aug_r2_k0_llmq_v2",
  "directed": false,
  "created_at": "2026-05-19T18:56:47",
  "node_count": 40454,
  "edge_count": 135418,
  "neo4j_node_count": 40454,
  "neo4j_relationship_count": 171255,
  "max_possible_edges": 818242831,
  "density": 0.0001654985474599288,
  "average_degree": 6.6949127403965,
  "min_degree": 0,
  "max_degree": 77,
  "median_degree": 6.0,
  "degree_histogram": {
    "0": 7,
    "1": 109,
    "2": 615,
    "3": 2617,
    "4": 5258,
    "5": 7518,
    "6": 7342,
    "7": 5391,
    "8": 3603,
    "9": 2350,
    "10": 1677,
    "11": 1087,
    "12": 783,
    "13": 612,
    "14": 398,
    "15": 285,
    "16": 200,
    "17": 181,
    "18": 99,
    "19": 76,
    "20": 71,
    "21": 43,
    "22": 29,
    "23": 26,
    "24": 13,
    "25": 9,
    "26": 8,
    "27": 10,
    "28": 4,
    "29": 10,
    "30": 3,
    "31": 5,
    "32": 2,
    "33": 2,
    "36": 2,
    "37": 1,
    "38": 2,
    "39": 1,
    "42": 2,
    "45": 1,
    "51": 1,
    "77": 1
  },
  "self_loop_count": 0,
  "average_clustering": 0.3530661448323801,
  "transitivity": 0.2773195091438824,
  "compute_seconds": 6.096392869949341,
  "connected_component_count": 200,
  "largest_component_size": 30765,
  "largest_component_ratio": 0.7604933999110101,
  "isolated_node_count": 7,
  "component_sizes": [
    30765,
    779,
    268,
    165,
    147,
    141,
    134,
    134,
    128,
    124,
    117,
    110,
    98,
    93,
    92,
    88,
    84,
    81,
    80,
    78,
    75,
    74,
    71,
    70,
    69,
    69,
    68,
    68,
    68,
    67,
    66,
    66,
    66,
    66,
    62,
    61,
    60,
    60,
    59,
    58,
    57,
    57,
    56,
    55,
    55,
    54,
    52,
    52,
    51,
    51,
    51,
    51,
    50,
    49,
    48,
    48,
    47,
    47,
    47,
    47,
    47,
    47,
    46,
    46,
    46,
    46,
    45,
    45,
    45,
    44,
    44,
    44,
    44,
    44,
    44,
    43,
    43,
    43,
    43,
    42,
    42,
    42,
    42,
    42,
    42,
    42,
    41,
    41,
    41,
    41,
    41,
    40,
    40,
    40,
    39,
    39,
    39,
    39,
    39,
    39,
    39,
    39,
    39,
    39,
    38,
    38,
    38,
    38,
    38,
    38,
    37,
    37,
    37,
    37,
    37,
    37,
    36,
    36,
    36,
    36,
    35,
    35,
    35,
    35,
    34,
    34,
    34,
    34,
    34,
    34,
    33,
    33,
    33,
    33,
    33,
    33,
    33,
    33,
    33,
    32,
    32,
    32,
    32,
    32,
    32,
    31,
    31,
    31,
    31,
    31,
    31,
    31,
    30,
    30,
    30,
    29,
    29,
    29,
    29,
    29,
    29,
    28,
    28,
    28,
    28,
    28,
    27,
    27,
    27,
    26,
    26,
    26,
    26,
    26,
    25,
    25,
    25,
    24,
    22,
    21,
    21,
    20,
    20,
    20,
    16,
    8,
    8,
    6,
    4,
    3,
    3,
    3,
    2,
    1,
    1,
    1,
    1,
    1,
    1,
    1
  ],
  "average_shortest_path_length_lcc": null,
  "diameter_lcc": 53,
  "radius_lcc": 32,
  "approx_average_shortest_path_length_lcc": 17.901389915973215,
  "approx_eccentricity_sample_size": 256
}