{
  "label": "hotpot_bgeen_qwen2_5_1b5_spacy_500_aug_r2_mst_knn2_llmq_skipinvalid",
  "relationship_type": "pen2ans_hotpot_bgeen_qwen2_5_1b5_spacy_500_aug_r2_mst_knn2_llmq_skipinvalid",
  "directed": false,
  "created_at": "2026-05-16T18:05:43",
  "node_count": 2125,
  "edge_count": 7140,
  "neo4j_node_count": 2125,
  "neo4j_relationship_count": 8838,
  "max_possible_edges": 2256750,
  "density": 0.0031638418079096044,
  "average_degree": 6.72,
  "min_degree": 1,
  "max_degree": 35,
  "median_degree": 6.0,
  "degree_histogram": {
    "1": 2,
    "2": 32,
    "3": 141,
    "4": 246,
    "5": 382,
    "6": 418,
    "7": 281,
    "8": 205,
    "9": 131,
    "10": 95,
    "11": 46,
    "12": 43,
    "13": 29,
    "14": 14,
    "15": 18,
    "16": 9,
    "17": 8,
    "18": 9,
    "19": 6,
    "20": 3,
    "21": 2,
    "22": 2,
    "23": 1,
    "28": 1,
    "35": 1
  },
  "self_loop_count": 0,
  "average_clustering": 0.34710350332986906,
  "transitivity": 0.27227000157803377,
  "compute_seconds": 2.7238540649414062,
  "connected_component_count": 10,
  "largest_component_size": 1647,
  "largest_component_ratio": 0.7750588235294118,
  "isolated_node_count": 0,
  "component_sizes": [
    1647,
    126,
    74,
    68,
    40,
    40,
    37,
    37,
    30,
    26
  ],
  "average_shortest_path_length_lcc": 9.877261282157404,
  "diameter_lcc": 26,
  "radius_lcc": 13,
  "approx_average_shortest_path_length_lcc": null,
  "approx_eccentricity_sample_size": 0
}