{
  "label": "hotpot_bgeen_qwen2_5_1b5_spacy_500_aug_r1_k0_llmq_v2",
  "relationship_type": "pen2ans_hotpot_bgeen_qwen2_5_1b5_spacy_500_aug_r1_k0_llmq_v2",
  "directed": false,
  "created_at": "2026-05-17T15:17:40",
  "node_count": 2125,
  "edge_count": 7231,
  "neo4j_node_count": 2125,
  "neo4j_relationship_count": 8929,
  "max_possible_edges": 2256750,
  "density": 0.003204165281931982,
  "average_degree": 6.80564705882353,
  "min_degree": 1,
  "max_degree": 33,
  "median_degree": 6.0,
  "degree_histogram": {
    "1": 2,
    "2": 31,
    "3": 140,
    "4": 245,
    "5": 378,
    "6": 410,
    "7": 278,
    "8": 196,
    "9": 131,
    "10": 92,
    "11": 68,
    "12": 36,
    "13": 31,
    "14": 18,
    "15": 19,
    "16": 17,
    "17": 13,
    "18": 5,
    "19": 2,
    "20": 7,
    "21": 1,
    "22": 1,
    "24": 1,
    "27": 2,
    "33": 1
  },
  "self_loop_count": 0,
  "average_clustering": 0.3491835690640689,
  "transitivity": 0.26981218506642235,
  "compute_seconds": 3.9837050437927246,
  "connected_component_count": 4,
  "largest_component_size": 1978,
  "largest_component_ratio": 0.9308235294117647,
  "isolated_node_count": 0,
  "component_sizes": [
    1978,
    76,
    41,
    30
  ],
  "average_shortest_path_length_lcc": 11.187248402124942,
  "diameter_lcc": 26,
  "radius_lcc": 15,
  "approx_average_shortest_path_length_lcc": null,
  "approx_eccentricity_sample_size": 0
}